task_id,filename,em,bleu,wbleu,syntax,dataflow,codebleu
11,11.py,0.0,0.006562920880864128,0.015334475381180114,0.22916666666666666,0.47058823529411764,0.18041307455570715
111,111.py,0.0,0.0025579476037043062,0.04253665667561763,0.2,0.6666666666666666,0.22794031773649714
115,115.py,0.0,0.0036718276365279184,0.03514847831369806,0.09090909090909091,0.2857142857142857,0.10386092064340065
117,117.py,0.0,0.006511301963322635,0.034687995800612874,0.5384615384615384,0.5714285714285714,0.28777235191351136
140,140.py,0.0,0.009364489338562149,0.025834828718661867,0.4482758620689655,0.29411764705882354,0.19439820679625328
16,16.py,0.0,0.04566803045003536,0.3733154260380496,0.8333333333333334,1.0,0.5630791974553546
160,160.py,0.0,0.01394099415933364,0.11343612641007379,0.2413793103448276,0.55,0.22968910772855877
162,162.py,0.0,0.004488213189081981,0.0414575770873913,0.2,0.6666666666666666,0.228153114235785
166,166.py,0.0,0.013061522860318463,0.0755389958905035,0.22580645161290322,0.5238095238095238,0.20955412354331227
170,170.py,0.0,0.005569277913049512,0.03626753513008075,0.5333333333333333,0.5333333333333333,0.27712586992744925
171,171.py,0.0,0.0032290850333869447,0.04576318980860576,0.18181818181818182,0.8,0.25770261416504364
18,18.py,0.0,0.006845824785747226,0.009195150377899574,0.3333333333333333,0.15,0.12484357712424501
249,249.py,0.0,0.0023838939282948895,0.02864629015880099,0.14285714285714285,0.6,0.19347183173605967
250,250.py,0.0,0.0038400508966525554,0.014382531103600304,0.0625,0.5,0.1451806455000632
251,251.py,0.0,0.007653214729824785,0.041374412020518815,0.09090909090909091,0.6,0.18498417941485862
265,265.py,0.0,0.0017648731710877923,0.039281465090051315,0.2727272727272727,0.75,0.26594340274710293
267,267.py,0.0,0.002444993300661746,0.10855926040543844,0.07692307692307693,0.5,0.17198183265729428
270,270.py,0.0,0.016002959417234924,0.06474023032921296,0.375,0.7058823529411765,0.29040638567190613
271,271.py,0.0,0.00419105675868449,0.019543738309112917,0.391304347826087,0.21052631578947367,0.15639136467083953
272,272.py,0.0,0.004701712638603976,0.031848093073478904,0.4166666666666667,0.5714285714285714,0.2561612609518302
273,273.py,0.0,0.0033313147879940283,0.022108037572889653,0.13333333333333333,0.5833333333333334,0.1855265047568876
284,284.py,0.0,0.0028101263851395436,0.03514847831369806,0.45454545454545453,0.4444444444444444,0.23423712592218415
292,292.py,0.0,0.007696339439306161,0.048549177170732344,0.1111111111111111,0.8333333333333334,0.25017249026362076
293,293.py,0.0,0.010115606761573926,0.19355472730798323,0.29411764705882354,0.7272727272727273,0.306265177100277
305,305.py,0.0,0.0027154373369671493,0.022089591134157885,0.23809523809523808,0.75,0.2532250666415908
310,310.py,0.0,0.0032686310339511276,0.026258215208887065,0.2,0.5555555555555556,0.19627060044959843
389,389.py,0.0,0.01119797930902641,0.07415502129246533,0.36363636363636365,0.625,0.2684973410594639
411,411.py,0.0,0.005653171078511422,0.02736989145562129,0.47619047619047616,0.8333333333333334,0.3356367180144856
413,413.py,0.0,0.0037822893157531384,0.02914467336803376,0.4,0.75,0.29573174067094676
417,417.py,0.0,0.004954789522315623,0.030382709789101823,0.3055555555555556,0.65,0.24772326371674325
419,419.py,0.0,0.004453323527690996,0.048549177170732344,0.2777777777777778,0.5833333333333334,0.22852840295238364
422,422.py,0.0,0.007863700541519603,0.037824427416789146,0.3684210526315789,0.7142857142857143,0.2820987237189005
429,429.py,0.0,0.003638503246078791,0.022401521369401368,0.6,0.75,0.34401000615387
432,432.py,0.0,0.005720251726917803,0.03459872363114905,0.3,0.7142857142857143,0.26365117241094527
444,444.py,0.0,0.0024097732378041093,0.01892902770321192,0.25,0.47058823529411764,0.18548175905878342
450,450.py,0.0,0.0030938122256754107,0.022894156860669916,0.3076923076923077,0.7,0.25842006919466326
451,451.py,0.0,0.00318051352706924,0.04576318980860576,0.15384615384615385,1.0,0.3006974642954572
452,452.py,0.0,0.008593351966155831,0.044915755686574035,0.6666666666666666,0.875,0.3987939435798491
454,454.py,0.0,0.00606308937467603,0.09085832393037023,0.47368421052631576,1.0,0.39265140595784054
455,455.py,0.0,0.0029076034292809367,0.015226277779914149,0.0,0.25,0.06703347030229877
456,456.py,0.0,0.010043468297595231,0.0322389403377945,0.4166666666666667,0.42857142857142855,0.22188012596837126
457,457.py,0.0,0.0018310317004117428,0.0752421768074461,0.125,1.0,0.30051830212696445
458,458.py,0.0,0.009970222994544455,0.07705654326501768,1.0,1.0,0.5217566915648906
464,464.py,0.0,0.002779070498146936,0.02496593666055756,0.2857142857142857,0.5,0.20336482321824756
465,465.py,0.0,0.011330065075897526,0.04703487369615984,0.35294117647058826,0.36363636363636365,0.1937356197197523
468,468.py,0.0,0.0012656906962507577,0.008580617900934085,0.2708333333333333,0.4117647058823529,0.17311108695321775
473,473.py,0.0,0.002251063891663183,0.02062353272197709,0.4,0.875,0.32446864915341006
474,474.py,0.0,0.0018950957323528377,0.04253665667561763,0.2,0.7777777777777778,0.2555523825464371
478,478.py,0.0,0.00241704593038681,0.039281465090051315,0.16666666666666666,1.0,0.3020912944217762
560,560.py,0.0,0.0018356371023339562,0.033183516807882445,0.0,0.875,0.2275047884775541
562,562.py,0.0,0.00206945416902857,0.02950234363196405,0.3333333333333333,0.875,0.30997628278358147
57,57.py,0.0,0.003341822291264821,0.014264965190603163,0.23076923076923078,0.2777777777777778,0.13153844900721914
572,572.py,0.0,0.0038824850271715044,0.03585890753612134,0.25,0.5,0.1974353481408232
573,573.py,0.0,0.00445361708491668,0.03795060071605692,0.29411764705882354,0.3333333333333333,0.1674637995482826
578,578.py,0.0,0.003431515763161343,0.019759413066220248,0.08333333333333333,0.7692307692307693,0.21893875784837105
581,581.py,0.0,0.0041074232820922495,0.06267671821810655,0.3,1.0,0.34169603537504967
584,584.py,0.0,0.013334284284760021,0.08528733595636034,0.6153846153846154,0.6153846153846154,0.3323477127525878
587,587.py,0.0,0.006938247178254633,0.048549177170732344,0.3333333333333333,0.4,0.19720518942058007
590,590.py,0.0,0.002385005959470808,0.024845032688066895,0.391304347826087,0.5789473684210527,0.24937043872366932
595,595.py,0.0,0.002999731479889491,0.024308905875270202,0.3870967741935484,0.6875,0.27547635288717703
61,61.py,0.0,0.015576203941537501,0.03361395634446697,0.22448979591836735,0.34285714285714286,0.15413427476537866
612,612.py,0.0,0.001393304767338442,0.0446323613785333,0.14285714285714285,0.7142857142857143,0.22579213082218222
615,615.py,0.0,0.0013221838202300833,0.027533580289873377,0.47058823529411764,0.4,0.2248609998510553
619,619.py,0.0,0.0031318351219776033,0.014492065168336963,0.18518518518518517,0.625,0.20695227136887495
620,620.py,0.0,0.004219286706714123,0.013431796235089789,0.2727272727272727,0.3111111111111111,0.15037236669504694
625,625.py,0.0,0.0028030624560832816,0.01612277920720181,0.23809523809523808,0.4117647058823529,0.16719644641021902
627,627.py,0.0,0.0034272577026824747,0.01017394734938111,0.15555555555555556,0.14705882352941177,0.07905389603425772
629,629.py,0.0,0.013089091873312983,0.09985227134797103,0.2,0.6,0.22823534080532099
64,64.py,0.0,0.0028718620586135005,0.015593439508212383,0.46153846153846156,0.6,0.27000094077632186
69,69.py,0.0,0.0018894390002043761,0.007472494262608044,0.19047619047619047,0.2857142857142857,0.12138810236332215
71,71.py,0.0,0.019520437701409887,0.05493386363171091,0.7857142857142857,0.26666666666666666,0.2817088134285183
723,723.py,0.0,0.006414921514603761,0.021500003802814183,0.07142857142857142,0.8,0.22483587418649736
725,725.py,0.0,0.007476510276111095,0.19355472730798323,0.3333333333333333,1.0,0.3835911427293569
728,728.py,0.0,0.007232031895361329,0.027533580289873377,0.125,0.6666666666666666,0.20660806971297535
733,733.py,0.0,0.01748821585810624,0.04485955082438947,0.6136363636363636,0.3235294117647059,0.2498783855208913
735,735.py,0.0,0.0013362718098453707,0.008217318565965805,0.2571428571428571,0.30434782608695654,0.1427610684014062
736,736.py,0.0,0.0016898365186382217,0.02854848644329578,0.08333333333333333,0.8888888888888888,0.25061513629603904
743,743.py,0.0,0.0029416162698911045,0.03391326091030751,0.07142857142857142,0.75,0.2145708621521925
746,746.py,0.0,0.08435919294834533,0.29738381190047297,0.6111111111111112,1.0,0.4982135289899824
748,748.py,0.0,0.001698656871277568,0.034503277967117725,0.25,1.0,0.3215504837095988
766,766.py,0.0,0.0075574902890233,0.036039886757844274,0.5172413793103449,0.5714285714285714,0.283066831946446
770,770.py,0.0,0.0037519004950821457,0.02612515325868798,0.3076923076923077,0.2857142857142857,0.1558209117900909
773,773.py,0.0,0.002906389605737966,0.01727371406259899,0.16,0.42105263157894735,0.15030818381182107
776,776.py,0.0,0.009125929213636105,0.028332062429412865,0.3770491803278688,0.358974358974359,0.19337038273631918
781,781.py,0.0,0.005777521417797865,0.03225165814723342,0.225,0.375,0.1595072948912578
784,784.py,0.0,0.0024158342875931333,0.017117930872284113,0.18518518518518517,0.19047619047619047,0.09879878520531322
788,788.py,0.0,0.009849349468888718,0.048549177170732344,0.0,1.0,0.26459963165990524
791,791.py,0.0,0.005345358477221983,0.030556057163383953,0.20833333333333334,0.5714285714285714,0.20391583010062767
8,8.py,0.0,0.0030201172981498357,0.027301208627090675,0.07142857142857142,0.4444444444444444,0.13654858544956408
801,801.py,0.0,0.007796433633895288,0.06311969078225892,0.09523809523809523,0.7,0.21653855491356233
803,803.py,0.0,0.008977390984291282,0.02505313035276607,0.3076923076923077,0.21428571428571427,0.13900213582876983
84,84.py,0.0,0.032732524884008234,0.2473022045536171,0.3076923076923077,1.0,0.39693175928248325
87,87.py,0.0,0.003367842053959438,0.025098621243978974,0.0625,0.6666666666666666,0.18940828249115127
93,93.py,0.0,0.005508606419495829,0.016077345023974243,0.09090909090909091,0.45454545454545453,0.14176012422450388
97,97.py,0.0,0.012923272021510418,0.04090965127616388,0.24242424242424243,0.4166666666666667,0.17823095809714584
98,98.py,0.0,0.0038392947617598254,0.02556795749489219,0.5,0.5555555555555556,0.2712407019530519
